C:/Imagens Treinamento/Portas/01a_clermont.jpg,indoor,door,indoor
C:/Imagens Treinamento/Portas/030151114301md.jpg,indoor,door,indoor
C:/Imagens Treinamento/Portas/101387917_75322d57df.jpg,indoor,door,indoor
C:/Imagens Treinamento/Portas/1020281926_e675752775.jpg,indoor,door,indoor
C:/Imagens Treinamento/Portas/1021126675_3cd61b8dd5.jpg,indoor,door,indoor
C:/Imagens Treinamento/Portas/1073390123_238a815546.jpg,indoor,door,indoor
C:/Imagens Treinamento/Portas/1074980873_14f4b4d016.jpg,indoor,door,indoor
C:/Imagens Treinamento/Portas/1100062714_28c9b5e402.jpg,indoor,door,indoor
C:/Imagens Treinamento/Portas/11035.jpeg,indoor,door,indoor
C:/Imagens Treinamento/Portas/112430320_fd7863933e.jpg,indoor,door,indoor
C:/Imagens Treinamento/Portas/1132650973_7ad06e725f.jpg,indoor,door,indoor
C:/Imagens Treinamento/Portas/114444738_c06e7aa5f7.jpg,indoor,door,indoor
C:/Imagens Treinamento/Portas/114444803_6bf11f1eda.jpg,indoor,door,indoor
C:/Imagens Treinamento/Portas/1153661669_729e62d0d6.jpg,indoor,door,indoor
C:/Imagens Treinamento/Portas/116141471_8f1e2499c4.jpg,indoor,door,indoor
C:/Imagens Treinamento/Portas/120842818_9fac982d20.jpg,indoor,door,indoor
C:/Imagens Treinamento/Portas/12229.jpeg,indoor,door,indoor
C:/Imagens Treinamento/Portas/13005079_86e8797a9f.jpg,indoor,door,indoor
C:/Imagens Treinamento/Portas/134435729_1efd080288.jpg,indoor,door,indoor
C:/Imagens Treinamento/Portas/135031611_585a24db1c.jpg,indoor,door,indoor
C:/Imagens Treinamento/Portas/1356456394_43ac44d791.jpg,indoor,door,indoor
C:/Imagens Treinamento/Portas/1388151009_8a275183ef.jpg,indoor,door,indoor
C:/Imagens Treinamento/Portas/143180257_cf39ffd97a.jpg,indoor,door,indoor
C:/Imagens Treinamento/Portas/14538_9119112006132540.jpg,indoor,door,indoor
C:/Imagens Treinamento/Portas/14963506_1658581f4d.jpg,indoor,door,indoor
C:/Imagens Treinamento/Portas/14963520_c96ff3c99c.jpg,indoor,door,indoor
C:/Imagens Treinamento/Portas/149750154_9adb392197.jpg,indoor,door,indoor
C:/Imagens Treinamento/Portas/1506238837_19a56db79e.jpg,indoor,door,indoor
C:/Imagens Treinamento/Portas/153661835_630cae4360.jpg,indoor,door,indoor
C:/Imagens Treinamento/Portas/1558450788_266e07aa7d.jpg,indoor,door,indoor
C:/Imagens Treinamento/Portas/1563054101_4c3429ba42.jpg,indoor,door,indoor
C:/Imagens Treinamento/Portas/1580793779_e12f300333.jpg,indoor,door,indoor
C:/Imagens Treinamento/Portas/1594499303_c514baca7e.jpg,indoor,door,indoor
C:/Imagens Treinamento/Portas/1620848857_ebc6dc5fba.jpg,indoor,door,indoor
C:/Imagens Treinamento/Portas/162817224_1f405b8411.jpg,indoor,door,indoor
C:/Imagens Treinamento/Portas/1632384779_3d59d754e3.jpg,indoor,door,indoor
C:/Imagens Treinamento/Portas/1634279586_71c8606039.jpg,indoor,door,indoor
C:/Imagens Treinamento/Portas/166130422_a77e9bafce.jpg,indoor,door,indoor
C:/Imagens Treinamento/Portas/1664551707_76767a04e9.jpg,indoor,door,indoor
C:/Imagens Treinamento/Portas/1689532043_e97e9519b5.jpg,indoor,door,indoor
C:/Imagens Treinamento/Portas/169808120_ee3c9129e1.jpg,indoor,door,indoor
C:/Imagens Treinamento/Portas/170282736_78223dcf0e.jpg,indoor,door,indoor
C:/Imagens Treinamento/Portas/171174741_c59c5133ed.jpg,indoor,door,indoor
C:/Imagens Treinamento/Portas/1713138930_e6f90644d5.jpg,indoor,door,indoor
C:/Imagens Treinamento/Portas/1731017163_4931bfde8e.jpg,indoor,door,indoor
C:/Imagens Treinamento/Portas/177102892_6d42dca031.jpg,indoor,door,indoor
C:/Imagens Treinamento/Portas/1782237341_897f0dc657.jpg,indoor,door,indoor
C:/Imagens Treinamento/Portas/1806016713_2236f1f5f0.jpg,indoor,door,indoor
C:/Imagens Treinamento/Portas/1817530022_f9d4ab7895.jpg,indoor,door,indoor
C:/Imagens Treinamento/Portas/18441604_aa8e20b553.jpg,indoor,door,indoor
C:/Imagens Treinamento/Portas/1861999908_9d8799f3fc.jpg,indoor,door,indoor
C:/Imagens Treinamento/Portas/1912218090_253cb288e6.jpg,indoor,door,indoor
C:/Imagens Treinamento/Portas/191402436_69b17769fa.jpg,indoor,door,indoor
C:/Imagens Treinamento/Portas/193129489_b10dabfaf7.jpg,indoor,door,indoor
C:/Imagens Treinamento/Portas/1935857988_2147ed7c0b.jpg,indoor,door,indoor
C:/Imagens Treinamento/Portas/1939251498_397cffc1a3.jpg,indoor,door,indoor
C:/Imagens Treinamento/Portas/197490087_08f6c37781.jpg,indoor,door,indoor
C:/Imagens Treinamento/Portas/202763418_3a0b2f6c9d.jpg,indoor,door,indoor
C:/Imagens Treinamento/Portas/203110111_74cdf90bfd.jpg,indoor,door,indoor
C:/Imagens Treinamento/Portas/2038216783_3a8e8adb57.jpg,indoor,door,indoor
C:/Imagens Treinamento/Portas/2048839046_27e6ffd468.jpg,indoor,door,indoor
C:/Imagens Treinamento/Portas/20541453_00c2033896.jpg,indoor,door,indoor
C:/Imagens Treinamento/Portas/2060554673_1c75b9acd3.jpg,indoor,door,indoor
C:/Imagens Treinamento/Portas/2063929568_028e2328ac.jpg,indoor,door,indoor
C:/Imagens Treinamento/Portas/2074470332_80d400ae34.jpg,indoor,door,indoor
C:/Imagens Treinamento/Portas/2087371647_646f3de9a1.jpg,indoor,door,indoor
C:/Imagens Treinamento/Portas/2095665815_0c799a81d1.jpg,indoor,door,indoor
C:/Imagens Treinamento/Portas/209626949_66b87a6345.jpg,indoor,door,indoor
C:/Imagens Treinamento/Portas/2096431101_21fb9ca56e.jpg,indoor,door,indoor
C:/Imagens Treinamento/Portas/2098506698_2fec697d92.jpg,indoor,door,indoor
C:/Imagens Treinamento/Portas/2105850271_fe26482ce1.jpg,indoor,door,indoor
C:/Imagens Treinamento/Portas/2107011572_2d61f111cd.jpg,indoor,door,indoor
C:/Imagens Treinamento/Portas/2112622645_20843cc79a.jpg,indoor,door,indoor
C:/Imagens Treinamento/Portas/2118957156_f16eb24ac2.jpg,indoor,door,indoor
C:/Imagens Treinamento/Portas/2120687564_65d4334286.jpg,indoor,door,indoor
C:/Imagens Treinamento/Portas/212631699_ad1e77705e.jpg,indoor,door,indoor
C:/Imagens Treinamento/Portas/2139424112_61b4173d73.jpg,indoor,door,indoor
C:/Imagens Treinamento/Portas/2155192355_84f9ef7b7f.jpg,indoor,door,indoor
C:/Imagens Treinamento/Portas/2164355624_a7e581787c.jpg,indoor,door,indoor
C:/Imagens Treinamento/Portas/218213265_432dd06fb1.jpg,indoor,door,indoor
C:/Imagens Treinamento/Portas/218213498_3a330e3720.jpg,indoor,door,indoor
C:/Imagens Treinamento/Portas/2198419697_3e7ae2f6c9.jpg,indoor,door,indoor
C:/Imagens Treinamento/Portas/2199188854_3e75abaa33.jpg,indoor,door,indoor
C:/Imagens Treinamento/Portas/2199426751_04b7696f04.jpg,indoor,door,indoor
C:/Imagens Treinamento/Portas/2204845305_b77d2b674b.jpg,indoor,door,indoor
C:/Imagens Treinamento/Portas/2209438541_82c0879939.jpg,indoor,door,indoor
C:/Imagens Treinamento/Portas/2217050564_a0f8c4bc57.jpg,indoor,door,indoor
C:/Imagens Treinamento/Portas/2217803910_49dfbcc88b.jpg,indoor,door,indoor
C:/Imagens Treinamento/Portas/2227843074_dab3b31f22.jpg,indoor,door,indoor
C:/Imagens Treinamento/Portas/2230062011_02d69b0a3e.jpg,indoor,door,indoor
C:/Imagens Treinamento/Portas/223198865_9441996a7d.jpg,indoor,door,indoor
C:/Imagens Treinamento/Portas/2256434031_9b41c893cd.jpg,indoor,door,indoor
C:/Imagens Treinamento/Portas/2264428637_8c48951395.jpg,indoor,door,indoor
C:/Imagens Treinamento/Portas/2265964505_af19274960.jpg,indoor,door,indoor
C:/Imagens Treinamento/Portas/2266165278_dcd739c997.jpg,indoor,door,indoor
C:/Imagens Treinamento/Portas/2282811420_5921bf23ac.jpg,indoor,door,indoor
C:/Imagens Treinamento/Portas/228679805_41c8d6ba2b.jpg,indoor,door,indoor
C:/Imagens Treinamento/Portas/2288824745_c33e4d2a41.jpg,indoor,door,indoor
C:/Imagens Treinamento/Portas/229381074_e8ec848fd7.jpg,indoor,door,indoor
C:/Imagens Treinamento/Portas/2296701311_73013b5809.jpg,indoor,door,indoor
C:/Imagens Treinamento/Portas/2302321927_e165e6c819.jpg,indoor,door,indoor
C:/Imagens Treinamento/Portas/2303158956_6e71a4b24d.jpg,indoor,door,indoor
C:/Imagens Treinamento/Portas/2316787655_ef1b1112d3.jpg,indoor,door,indoor
C:/Imagens Treinamento/Portas/2326108948_9965ca43c2.jpg,indoor,door,indoor
C:/Imagens Treinamento/Portas/2327358015_d63528ab3f.jpg_v=0.jpg,indoor,door,indoor
C:/Imagens Treinamento/Portas/2329589355_7b4536b819.jpg,indoor,door,indoor
C:/Imagens Treinamento/Portas/234564536_a344b363bf.jpg,indoor,door,indoor
C:/Imagens Treinamento/Portas/234564826_2ba8fe7843.jpg,indoor,door,indoor
C:/Imagens Treinamento/Portas/23461225_cca85d07ee.jpg,indoor,door,indoor
C:/Imagens Treinamento/Portas/2347811866_b95ee3f33c.jpg,indoor,door,indoor
C:/Imagens Treinamento/Portas/2357939520_8510ae4e12.jpg,indoor,door,indoor
C:/Imagens Treinamento/Portas/2365099403_6894de5d68.jpg,indoor,door,indoor
C:/Imagens Treinamento/Portas/2372514836_7acab7de7b.jpg,indoor,door,indoor
C:/Imagens Treinamento/Portas/2374348874_b643db1a24.jpg,indoor,door,indoor
C:/Imagens Treinamento/Portas/2376877145_26cb540bfe.jpg,indoor,door,indoor
C:/Imagens Treinamento/Portas/2382336703_2c65bfb92b.jpg,indoor,door,indoor
C:/Imagens Treinamento/Portas/2409186922_443415e7e0.jpg,indoor,door,indoor
C:/Imagens Treinamento/Portas/2418197926_834e74d023.jpg,indoor,door,indoor
C:/Imagens Treinamento/Portas/2424419718_ec74783a9f.jpg,indoor,door,indoor
C:/Imagens Treinamento/Portas/243354782_00237bc188.jpg,indoor,door,indoor
C:/Imagens Treinamento/Portas/2445089646_9793b40e56.jpg,indoor,door,indoor
C:/Imagens Treinamento/Portas/2449064184_554a250163.jpg,indoor,door,indoor
C:/Imagens Treinamento/Portas/2463992291_a4332601ed.jpg,indoor,door,indoor
C:/Imagens Treinamento/Portas/2465235372_b67cda549a.jpg,indoor,door,indoor
C:/Imagens Treinamento/Portas/2482232699_b40dd1c72a.jpg,indoor,door,indoor
C:/Imagens Treinamento/Portas/2484356579_79ba7deda2.jpg,indoor,door,indoor
C:/Imagens Treinamento/Portas/2494867392_7535a82eee.jpg,indoor,door,indoor
C:/Imagens Treinamento/Portas/2500353100_217d55e793.jpg,indoor,door,indoor
C:/Imagens Treinamento/Portas/2500678350_b378f7385b.jpg,indoor,door,indoor
C:/Imagens Treinamento/Portas/25183370_dc22ea87bc.jpg,indoor,door,indoor
C:/Imagens Treinamento/Portas/2518448998_73aea57290.jpg,indoor,door,indoor
C:/Imagens Treinamento/Portas/2537263798_3fd4b620a4.jpg,indoor,door,indoor
C:/Imagens Treinamento/Portas/2547035933_6f96d15bc6.jpg,indoor,door,indoor
C:/Imagens Treinamento/Portas/2548559069_d9ce74a652.jpg,indoor,door,indoor
C:/Imagens Treinamento/Portas/2548706135_22f93faaf7.jpg,indoor,door,indoor
C:/Imagens Treinamento/Portas/2551457698_091f21568e.jpg,indoor,door,indoor
C:/Imagens Treinamento/Portas/2554768181_e8a930c767.jpg,indoor,door,indoor
C:/Imagens Treinamento/Portas/2565914157_365e452f7a.jpg,indoor,door,indoor
C:/Imagens Treinamento/Portas/2578364015_fd210e1ee1.jpg,indoor,door,indoor
C:/Imagens Treinamento/Portas/2579198460_55d1665e73.jpg,indoor,door,indoor
C:/Imagens Treinamento/Portas/2580808939_9c121f67de.jpg,indoor,door,indoor
C:/Imagens Treinamento/Portas/2589749088_9f9d1c2db3.jpg,indoor,door,indoor
C:/Imagens Treinamento/Portas/259865766_954015d4db.jpg,indoor,door,indoor
C:/Imagens Treinamento/Portas/2609717698_17c83077ae.jpg,indoor,door,indoor
C:/Imagens Treinamento/Portas/2610614960_050c6e7230.jpg,indoor,door,indoor
C:/Imagens Treinamento/Portas/2613293695_22ac48a1a3.jpg,indoor,door,indoor
C:/Imagens Treinamento/Portas/2613432178_95da8582bb.jpg,indoor,door,indoor
C:/Imagens Treinamento/Portas/2614009632_4c1e109933.jpg,indoor,door,indoor
C:/Imagens Treinamento/Portas/2621903058_1fc55e1798.jpg,indoor,door,indoor
C:/Imagens Treinamento/Portas/2624327893_3e8b77139a.jpg,indoor,door,indoor
C:/Imagens Treinamento/Portas/2630764819_f8f54fbab7.jpg,indoor,door,indoor
C:/Imagens Treinamento/Portas/2634761147_0ce0167e9b.jpg,indoor,door,indoor
C:/Imagens Treinamento/Portas/2636500509_043ef99c7d.jpg,indoor,door,indoor
C:/Imagens Treinamento/Portas/2638208810_967f97c122.jpg,indoor,door,indoor
C:/Imagens Treinamento/Portas/2638986529_2e6fde1178.jpg,indoor,door,indoor
C:/Imagens Treinamento/Portas/2650633869_1821fb2382.jpg,indoor,door,indoor
C:/Imagens Treinamento/Portas/2651914029_0cc6c40db1.jpg,indoor,door,indoor
C:/Imagens Treinamento/Portas/2672307376_68b74bf31b.jpg,indoor,door,indoor
C:/Imagens Treinamento/Portas/2675021757_175339f3da.jpg,indoor,door,indoor
C:/Imagens Treinamento/Portas/2676858717_4eb9845e43.jpg,indoor,door,indoor
C:/Imagens Treinamento/Portas/2676953605_30b7779586.jpg,indoor,door,indoor
C:/Imagens Treinamento/Portas/2687525383_3d3c900a97.jpg,indoor,door,indoor
C:/Imagens Treinamento/Portas/2688339120_ec06ee3746.jpg,indoor,door,indoor
C:/Imagens Treinamento/Portas/2694163301_d7d327e6e0.jpg,indoor,door,indoor
C:/Imagens Treinamento/Portas/2701942846_b171b9ddf0.jpg,indoor,door,indoor
C:/Imagens Treinamento/Portas/2701944098_fa0a73e2ab.jpg,indoor,door,indoor
C:/Imagens Treinamento/Portas/2702458706_88de11c179.jpg,indoor,door,indoor
C:/Imagens Treinamento/Portas/2719387878_268562cdfd.jpg,indoor,door,indoor
C:/Imagens Treinamento/Portas/272046917_dd3eaa6cc0.jpg,indoor,door,indoor
C:/Imagens Treinamento/Portas/2722934738_75a754f58a.jpg,indoor,door,indoor
C:/Imagens Treinamento/Portas/2729529475_ab4d7f2c27.jpg,indoor,door,indoor
C:/Imagens Treinamento/Portas/2730979049_629c04285a.jpg,indoor,door,indoor
C:/Imagens Treinamento/Portas/2735403693_db93001bdc.jpg,indoor,door,indoor
C:/Imagens Treinamento/Portas/2735405853_7b96928e58.jpg,indoor,door,indoor
C:/Imagens Treinamento/Portas/2751264716_97035d4d5f.jpg,indoor,door,indoor
C:/Imagens Treinamento/Portas/2761355782_a42b6b25dc.jpg,indoor,door,indoor
C:/Imagens Treinamento/Portas/2770920989_348ac21a2b.jpg,indoor,door,indoor
C:/Imagens Treinamento/Portas/2780317271_08756c7d1d.jpg,indoor,door,indoor
C:/Imagens Treinamento/Portas/2781173978_78e3462fef.jpg,indoor,door,indoor
C:/Imagens Treinamento/Portas/2799983894_9f76046541.jpg,indoor,door,indoor
C:/Imagens Treinamento/Portas/2814093925_a68b5f074a.jpg,indoor,door,indoor
C:/Imagens Treinamento/Portas/2819578422_228234db5a.jpg,indoor,door,indoor
C:/Imagens Treinamento/Portas/2823210708_113c213a58.jpg,indoor,door,indoor
C:/Imagens Treinamento/Portas/2824104531_a876bbdf87.jpg,indoor,door,indoor
C:/Imagens Treinamento/Portas/2826104591_325f7fc450.jpg,indoor,door,indoor
C:/Imagens Treinamento/Portas/2834883706_17f63b56ca.jpg,indoor,door,indoor
C:/Imagens Treinamento/Portas/2838317107_29859533cc.jpg,indoor,door,indoor
C:/Imagens Treinamento/Portas/2844732542_b53e764f4d.jpg,indoor,door,indoor
C:/Imagens Treinamento/Portas/2854433479_4b7398d92f.jpg,indoor,door,indoor
C:/Imagens Treinamento/Portas/2862392429_2af96433a7.jpg,indoor,door,indoor
C:/Imagens Treinamento/Portas/2863002018_ae60c77555.jpg,indoor,door,indoor
C:/Imagens Treinamento/Portas/2863355480_e9fcf913e2.jpg,indoor,door,indoor
C:/Imagens Treinamento/Portas/2882506740_6d24c290c3.jpg,indoor,door,indoor
C:/Imagens Treinamento/Portas/2888086293_fc17f5a120.jpg,indoor,door,indoor
C:/Imagens Treinamento/Portas/2891197676_787aa6f80a.jpg,indoor,door,indoor
C:/Imagens Treinamento/Portas/2896469377_ee5261735d.jpg,indoor,door,indoor
C:/Imagens Treinamento/Portas/2896711117_b73a5751c7.jpg,indoor,door,indoor
C:/Imagens Treinamento/Portas/2899288945_09fcf19e72.jpg,indoor,door,indoor
C:/Imagens Treinamento/Portas/2900255692_e5b0044e0d.jpg,indoor,door,indoor
C:/Imagens Treinamento/Portas/2900256872_9f7ab89619.jpg,indoor,door,indoor
C:/Imagens Treinamento/Portas/2902824534_56e2fea717.jpg,indoor,door,indoor
C:/Imagens Treinamento/Portas/2902957912_3945bf8305.jpg,indoor,door,indoor
C:/Imagens Treinamento/Portas/2905121271_1dd1570029.jpg,indoor,door,indoor
C:/Imagens Treinamento/Portas/2906353294_2db97780f4.jpg,indoor,door,indoor
C:/Imagens Treinamento/Portas/2907534185_89df6a6e7f.jpg,indoor,door,indoor
C:/Imagens Treinamento/Portas/2910119624_563f94abc1.jpg,indoor,door,indoor
C:/Imagens Treinamento/Portas/2918662445_2249e9d6d7.jpg,indoor,door,indoor
C:/Imagens Treinamento/Portas/2927103903_e283145be9.jpg,indoor,door,indoor
C:/Imagens Treinamento/Portas/2933576358_b7f74eb1eb.jpg,indoor,door,indoor
C:/Imagens Treinamento/Portas/2937856371_9b321aa056.jpg,indoor,door,indoor
C:/Imagens Treinamento/Portas/2945194648_c1450dd1f1.jpg,indoor,door,indoor
C:/Imagens Treinamento/Portas/2945198016_72797477fb.jpg,indoor,door,indoor
C:/Imagens Treinamento/Portas/2952782181_760c50ecc8.jpg,indoor,door,indoor
C:/Imagens Treinamento/Portas/2953051546_471798a96f.jpg,indoor,door,indoor
C:/Imagens Treinamento/Portas/2955792268_e95d1622b6.jpg,indoor,door,indoor
C:/Imagens Treinamento/Portas/296164623_74794baede.jpg,indoor,door,indoor
C:/Imagens Treinamento/Portas/29845154_673ad7a883.jpg,indoor,door,indoor
C:/Imagens Treinamento/Portas/298730.jpg,indoor,door,indoor
C:/Imagens Treinamento/Portas/30034083_a176c365f8.jpg,indoor,door,indoor
C:/Imagens Treinamento/Portas/3013752254_f04668457c.jpg,indoor,door,indoor
C:/Imagens Treinamento/Portas/304355019_2593add031.jpg,indoor,door,indoor
C:/Imagens Treinamento/Portas/3047105081_8f48b2455b.jpg,indoor,door,indoor
C:/Imagens Treinamento/Portas/3053392800_591c4e7097.jpg,indoor,door,indoor
C:/Imagens Treinamento/Portas/3059460227_9c38eeff31.jpg,indoor,door,indoor
C:/Imagens Treinamento/Portas/3062224247_7d40a5a150.jpg,indoor,door,indoor
C:/Imagens Treinamento/Portas/3071173111_169a0d8da7.jpg,indoor,door,indoor
C:/Imagens Treinamento/Portas/3078602226_06609c530b.jpg,indoor,door,indoor
C:/Imagens Treinamento/Portas/3081243454_da2b5bf256.jpg,indoor,door,indoor
C:/Imagens Treinamento/Portas/308634734_d01bcd250a.jpg,indoor,door,indoor
C:/Imagens Treinamento/Portas/3089891069_d744ec855c.jpg,indoor,door,indoor
C:/Imagens Treinamento/Portas/3100304413_2a53491e78.jpg,indoor,door,indoor
C:/Imagens Treinamento/Portas/3100304905_3ed143decb.jpg,indoor,door,indoor
C:/Imagens Treinamento/Portas/3106385782_a3361255f3.jpg,indoor,door,indoor
C:/Imagens Treinamento/Portas/311057021_0b9a545a7e.jpg,indoor,door,indoor
C:/Imagens Treinamento/Portas/3122676301_d62ff0d874.jpg,indoor,door,indoor
C:/Imagens Treinamento/Portas/3158063803_fc5ec89130.jpg,indoor,door,indoor
C:/Imagens Treinamento/Portas/3164552219_da8387635e.jpg,indoor,door,indoor
C:/Imagens Treinamento/Portas/3166352930_49feedbaee.jpg,indoor,door,indoor
C:/Imagens Treinamento/Portas/316853470_f3a5505108.jpg,indoor,door,indoor
C:/Imagens Treinamento/Portas/3179362789_62d7f4511a.jpg,indoor,door,indoor
C:/Imagens Treinamento/Portas/318993215_41ddf0c18d.jpg,indoor,door,indoor
C:/Imagens Treinamento/Portas/3192208311_fef6c2514e.jpg,indoor,door,indoor
C:/Imagens Treinamento/Portas/3193874512_00b552f551.jpg,indoor,door,indoor
C:/Imagens Treinamento/Portas/3201807243_a6c61537d7.jpg,indoor,door,indoor
C:/Imagens Treinamento/Portas/3214464716_491a60a24e.jpg,indoor,door,indoor
C:/Imagens Treinamento/Portas/3223119110_55e43cd0d9.jpg,indoor,door,indoor
C:/Imagens Treinamento/Portas/3223859250_48128a08c7.jpg,indoor,door,indoor
C:/Imagens Treinamento/Portas/3242525961_87a2c15067.jpg,indoor,door,indoor
C:/Imagens Treinamento/Portas/3245377546_5824fff446.jpg,indoor,door,indoor
C:/Imagens Treinamento/Portas/3246463486_7212e1ac18.jpg,indoor,door,indoor
C:/Imagens Treinamento/Portas/325206058_0f63b4863c.jpg,indoor,door,indoor
C:/Imagens Treinamento/Portas/3258027929_318a8ef01b.jpg,indoor,door,indoor
C:/Imagens Treinamento/Portas/325810440_2e2e1985ec.jpg,indoor,door,indoor
C:/Imagens Treinamento/Portas/3261666690_ee85452d83.jpg,indoor,door,indoor
C:/Imagens Treinamento/Portas/3270001264_5088596c20.jpg,indoor,door,indoor
C:/Imagens Treinamento/Portas/3274839386_174658ac7c.jpg,indoor,door,indoor
C:/Imagens Treinamento/Portas/3274859540_e054c94486.jpg,indoor,door,indoor
C:/Imagens Treinamento/Portas/3274860022_3b26462dc4.jpg,indoor,door,indoor
C:/Imagens Treinamento/Portas/3274874050_bd275cc9aa.jpg,indoor,door,indoor
C:/Imagens Treinamento/Portas/3274875716_1ece5465ea.jpg,indoor,door,indoor
C:/Imagens Treinamento/Portas/3275382346_bdc2d246a0.jpg,indoor,door,indoor
C:/Imagens Treinamento/Portas/3288328158_723ca4a37b.jpg,indoor,door,indoor
C:/Imagens Treinamento/Portas/3305714419_41977dd3e7.jpg,indoor,door,indoor
C:/Imagens Treinamento/Portas/3311415419_299ab4ce55.jpg,indoor,door,indoor
C:/Imagens Treinamento/Portas/3317048203_13e3fe8f3d.jpg,indoor,door,indoor
C:/Imagens Treinamento/Portas/335699594_f27ebf11f4.jpg,indoor,door,indoor
C:/Imagens Treinamento/Portas/335830059_58a4bcecb1.jpg,indoor,door,indoor
C:/Imagens Treinamento/Portas/3363375315_6d06849892.jpg,indoor,door,indoor
C:/Imagens Treinamento/Portas/33661672_867715fff0.jpg,indoor,door,indoor
C:/Imagens Treinamento/Portas/3373090903_b74261dc09.jpg,indoor,door,indoor
C:/Imagens Treinamento/Portas/337559811_46d560d6dd.jpg,indoor,door,indoor
C:/Imagens Treinamento/Portas/337995281_c57f88c09a.jpg,indoor,door,indoor
C:/Imagens Treinamento/Portas/3403705416_5ea0590cfa.jpg,indoor,door,indoor
C:/Imagens Treinamento/Portas/3407702767_fa8f2ecdb7.jpg,indoor,door,indoor
C:/Imagens Treinamento/Portas/3415461033_92dd436523.jpg,indoor,door,indoor
C:/Imagens Treinamento/Portas/3415484605_5487410f62.jpg,indoor,door,indoor
C:/Imagens Treinamento/Portas/3420758010_d6fe21b8e2.jpg,indoor,door,indoor
C:/Imagens Treinamento/Portas/3427675992_9e4a115c84.jpg,indoor,door,indoor
C:/Imagens Treinamento/Portas/3427676526_f70991ced0.jpg,indoor,door,indoor
C:/Imagens Treinamento/Portas/3461691630_7010ebc47f.jpg,indoor,door,indoor
C:/Imagens Treinamento/Portas/3469092676_1b6331c371.jpg,indoor,door,indoor
C:/Imagens Treinamento/Portas/3471757169_f4c3360f15.jpg,indoor,door,indoor
C:/Imagens Treinamento/Portas/3472566492_28c9a10032.jpg,indoor,door,indoor
C:/Imagens Treinamento/Portas/3483482556_601218a01e.jpg,indoor,door,indoor
C:/Imagens Treinamento/Portas/3483857033_a86ac40f9b.jpg,indoor,door,indoor
C:/Imagens Treinamento/Portas/3483857069_bbb55a73b1.jpg,indoor,door,indoor
C:/Imagens Treinamento/Portas/3487765805_50c329594a.jpg,indoor,door,indoor
C:/Imagens Treinamento/Portas/3490878803_8b66fde7a1.jpg,indoor,door,indoor
C:/Imagens Treinamento/Portas/3491823889_07a4bb1ddd.jpg,indoor,door,indoor
C:/Imagens Treinamento/Portas/3491824517_e3a07bbcb6.jpg,indoor,door,indoor
C:/Imagens Treinamento/Portas/349434870_9455e90fb9.jpg,indoor,door,indoor
C:/Imagens Treinamento/Portas/3499318125_7e1014c893.jpg,indoor,door,indoor
C:/Imagens Treinamento/Portas/3499367547_f8656a3391.jpg,indoor,door,indoor
C:/Imagens Treinamento/Portas/3499399703_2dd57e4b49.jpg,indoor,door,indoor
C:/Imagens Treinamento/Portas/3500136802_42d42f6fff.jpg,indoor,door,indoor
C:/Imagens Treinamento/Portas/350334858_a6a460e337.jpg,indoor,door,indoor
C:/Imagens Treinamento/Portas/3512289820_606665028b.jpg,indoor,door,indoor
C:/Imagens Treinamento/Portas/3521166500_535b27cf1f.jpg,indoor,door,indoor
C:/Imagens Treinamento/Portas/3525775844_06ff2a83fc.jpg,indoor,door,indoor
C:/Imagens Treinamento/Portas/3526547625_22b7df457a.jpg,indoor,door,indoor
C:/Imagens Treinamento/Portas/3526747465_bf6da48fca.jpg,indoor,door,indoor
C:/Imagens Treinamento/Portas/3545606987_8c8cd5c7f4.jpg,indoor,door,indoor
C:/Imagens Treinamento/Portas/3549090190_5b0dd7da98.jpg,indoor,door,indoor
C:/Imagens Treinamento/Portas/355045165_0abe7b8010.jpg,indoor,door,indoor
C:/Imagens Treinamento/Portas/3551803982_45a1cc9cdc.jpg,indoor,door,indoor
C:/Imagens Treinamento/Portas/355321936_0c4c449ab4.jpg,indoor,door,indoor
C:/Imagens Treinamento/Portas/3555978409_e02ce97bc7.jpg,indoor,door,indoor
C:/Imagens Treinamento/Portas/3559717101_ddd95826cd.jpg,indoor,door,indoor
C:/Imagens Treinamento/Portas/356127721_993dad6b39.jpg,indoor,door,indoor
C:/Imagens Treinamento/Portas/3580001286_f4e3132560.jpg,indoor,door,indoor
C:/Imagens Treinamento/Portas/3587414448_f9ccdd6854.jpg,indoor,door,indoor
C:/Imagens Treinamento/Portas/3588921013_b47ff3698d.jpg,indoor,door,indoor
C:/Imagens Treinamento/Portas/3588963713_d5628d44e5.jpg,indoor,door,indoor
C:/Imagens Treinamento/Portas/3589599020_4959bbc498.jpg,indoor,door,indoor
C:/Imagens Treinamento/Portas/3589824788_c9577ccd54.jpg,indoor,door,indoor
C:/Imagens Treinamento/Portas/3589826954_0e0da096b1.jpg,indoor,door,indoor
C:/Imagens Treinamento/Portas/359037694_7090c1b191.jpg,indoor,door,indoor
C:/Imagens Treinamento/Portas/3591013264_32dbf056f6.jpg,indoor,door,indoor
C:/Imagens Treinamento/Portas/3593603003_0f3fd43a4e.jpg,indoor,door,indoor
C:/Imagens Treinamento/Portas/3597965960_49af556a5c.jpg,indoor,door,indoor
C:/Imagens Treinamento/Portas/3598969324_ddf1d3d6fe.jpg,indoor,door,indoor
C:/Imagens Treinamento/Portas/3600886566_11731be992.jpg,indoor,door,indoor
C:/Imagens Treinamento/Portas/3605354649_f35dd168cf.jpg,indoor,door,indoor
C:/Imagens Treinamento/Portas/3605903569_3fc65fd1f0.jpg,indoor,door,indoor
C:/Imagens Treinamento/Portas/3618807852_938a10d353.jpg,indoor,door,indoor
C:/Imagens Treinamento/Portas/3633348939_233d098614.jpg,indoor,door,indoor
C:/Imagens Treinamento/Portas/3638558994_c7d1cd228c.jpg,indoor,door,indoor
C:/Imagens Treinamento/Portas/3638749155_7b699da38a.jpg,indoor,door,indoor
C:/Imagens Treinamento/Portas/3646350795_4eef1a438e.jpg,indoor,door,indoor
C:/Imagens Treinamento/Portas/3660097447_e82acba105.jpg,indoor,door,indoor
C:/Imagens Treinamento/Portas/366096791_5e0321ece7.jpg,indoor,door,indoor
C:/Imagens Treinamento/Portas/3662212372_2b6fcef9a5.jpg,indoor,door,indoor
C:/Imagens Treinamento/Portas/3663964542_8189c195b3.jpg,indoor,door,indoor
C:/Imagens Treinamento/Portas/3666159116_47d5642875.jpg,indoor,door,indoor
C:/Imagens Treinamento/Portas/3670127591_5794d638c9.jpg,indoor,door,indoor
C:/Imagens Treinamento/Portas/3677024728_6105415739.jpg,indoor,door,indoor
C:/Imagens Treinamento/Portas/3686862674_cabc536c75.jpg,indoor,door,indoor
C:/Imagens Treinamento/Portas/3700116862_b57db45fd0.jpg,indoor,door,indoor
C:/Imagens Treinamento/Portas/3700633190_e739e2a391.jpg,indoor,door,indoor
C:/Imagens Treinamento/Portas/3739333041_a5fc28ac07.jpg,indoor,door,indoor
C:/Imagens Treinamento/Portas/3746892800_e15e0a4670.jpg,indoor,door,indoor
C:/Imagens Treinamento/Portas/3755753410_a35e3637a2.jpg,indoor,door,indoor
C:/Imagens Treinamento/Portas/3760168078_e979970c10.jpg,indoor,door,indoor
C:/Imagens Treinamento/Portas/3760676844_e4ff8a98d9.jpg,indoor,door,indoor
C:/Imagens Treinamento/Portas/3762580195_6bd3276e55.jpg,indoor,door,indoor
C:/Imagens Treinamento/Portas/3764590815_3c3c4121bd.jpg,indoor,door,indoor
C:/Imagens Treinamento/Portas/3768869783_b08ed23726.jpg,indoor,door,indoor
C:/Imagens Treinamento/Portas/3768888713_35a5f345af.jpg,indoor,door,indoor
C:/Imagens Treinamento/Portas/3768888737_c6b4868232.jpg,indoor,door,indoor
C:/Imagens Treinamento/Portas/3768888847_f15349eda0.jpg,indoor,door,indoor
C:/Imagens Treinamento/Portas/3768888871_756d6e9876.jpg,indoor,door,indoor
C:/Imagens Treinamento/Portas/3768888905_5e7dcbff0c.jpg,indoor,door,indoor
C:/Imagens Treinamento/Portas/3768888935_1674e07e5e.jpg,indoor,door,indoor
C:/Imagens Treinamento/Portas/3768889105_b35f6f5217.jpg,indoor,door,indoor
C:/Imagens Treinamento/Portas/3768889133_b180bda492.jpg,indoor,door,indoor
C:/Imagens Treinamento/Portas/3769688410_86f770ec21.jpg,indoor,door,indoor
C:/Imagens Treinamento/Portas/377628897_388f10893f.jpg,indoor,door,indoor
C:/Imagens Treinamento/Portas/3786646926_c76d7ef65b.jpg,indoor,door,indoor
C:/Imagens Treinamento/Portas/3801578300_4cfc0dd66c.jpg,indoor,door,indoor
C:/Imagens Treinamento/Portas/3813084471_7d094c602e.jpg,indoor,door,indoor
C:/Imagens Treinamento/Portas/3813455751_5a209efcf5.jpg,indoor,door,indoor
C:/Imagens Treinamento/Portas/3813455799_e3ba3b323f.jpg,indoor,door,indoor
C:/Imagens Treinamento/Portas/3813455873_d01847b9d0.jpg,indoor,door,indoor
C:/Imagens Treinamento/Portas/3814266550_e8b0445551.jpg,indoor,door,indoor
C:/Imagens Treinamento/Portas/3814266624_4a10185703.jpg,indoor,door,indoor
C:/Imagens Treinamento/Portas/3814476653_dfdb78bf81.jpg,indoor,door,indoor
C:/Imagens Treinamento/Portas/3814477359_c63cae6309.jpg,indoor,door,indoor
C:/Imagens Treinamento/Portas/3814482657_9670d10583.jpg,indoor,door,indoor
C:/Imagens Treinamento/Portas/3814483097_1ea33cfc94.jpg,indoor,door,indoor
C:/Imagens Treinamento/Portas/3814483531_084ddbcafc.jpg,indoor,door,indoor
C:/Imagens Treinamento/Portas/3814483567_5479a98f0c.jpg,indoor,door,indoor
C:/Imagens Treinamento/Portas/3814483871_98221c3ca5.jpg,indoor,door,indoor
C:/Imagens Treinamento/Portas/3815287838_f831143b56.jpg,indoor,door,indoor
C:/Imagens Treinamento/Portas/3815290558_0b0d1c34ac.jpg,indoor,door,indoor
C:/Imagens Treinamento/Portas/3815292144_ef0af5a6af.jpg,indoor,door,indoor
C:/Imagens Treinamento/Portas/3815292422_d3888dcdef.jpg,indoor,door,indoor
C:/Imagens Treinamento/Portas/3815292758_c10d5a0084.jpg,indoor,door,indoor
C:/Imagens Treinamento/Portas/3815292868_8c7d6b7bf5.jpg,indoor,door,indoor
C:/Imagens Treinamento/Portas/3820780539_092ded132f.jpg,indoor,door,indoor
C:/Imagens Treinamento/Portas/3839254939_6a20852e81.jpg,indoor,door,indoor
C:/Imagens Treinamento/Portas/384778645_151d51ad8f.jpg,indoor,door,indoor
C:/Imagens Treinamento/Portas/3859869619_5b019a21b9.jpg,indoor,door,indoor
C:/Imagens Treinamento/Portas/388657139_d8d4ee194e.jpg,indoor,door,indoor
C:/Imagens Treinamento/Portas/395403880_5dc4b1ee84.jpg,indoor,door,indoor
C:/Imagens Treinamento/Portas/403617317_56091f0e6a.jpg,indoor,door,indoor
C:/Imagens Treinamento/Portas/405241612_848ca3d507.jpg,indoor,door,indoor
C:/Imagens Treinamento/Portas/40613_1.jpg,indoor,door,indoor
C:/Imagens Treinamento/Portas/412086342_6e5dd43b7b.jpg,indoor,door,indoor
C:/Imagens Treinamento/Portas/413130084_267974768a.jpg,indoor,door,indoor
C:/Imagens Treinamento/Portas/416161718_304bd7bee3.jpg,indoor,door,indoor
C:/Imagens Treinamento/Portas/45108947_722fc124d0.jpg,indoor,door,indoor
C:/Imagens Treinamento/Portas/474104613_c6f11728bb.jpg,indoor,door,indoor
C:/Imagens Treinamento/Portas/474119145_29ccd4b20a.jpg,indoor,door,indoor
C:/Imagens Treinamento/Portas/479063903_c512340d2f.jpg,indoor,door,indoor
C:/Imagens Treinamento/Portas/485555884_c60e6455b5.jpg,indoor,door,indoor
C:/Imagens Treinamento/Portas/488968978_9f0fb805d8.jpg,indoor,door,indoor
C:/Imagens Treinamento/Portas/490412470_1bd6b56591.jpg,indoor,door,indoor
C:/Imagens Treinamento/Portas/492658035_a32eb3bbb9.jpg,indoor,door,indoor
C:/Imagens Treinamento/Portas/503064766_880d4a6ec6.jpg,indoor,door,indoor
C:/Imagens Treinamento/Portas/52098724_c677e40bc7.jpg,indoor,door,indoor
C:/Imagens Treinamento/Portas/537855650_ecbcc3e53f.jpg,indoor,door,indoor
C:/Imagens Treinamento/Portas/543221759_60df3fd6f7.jpg,indoor,door,indoor
C:/Imagens Treinamento/Portas/544169819_0c2f67450d.jpg,indoor,door,indoor
C:/Imagens Treinamento/Portas/551595531_5cd686a77d.jpg,indoor,door,indoor
C:/Imagens Treinamento/Portas/557242673_f74ec3f34b.jpg,indoor,door,indoor
C:/Imagens Treinamento/Portas/582883785_2e486f92a3.jpg,indoor,door,indoor
C:/Imagens Treinamento/Portas/584580839_1f9618aefa.jpg,indoor,door,indoor
C:/Imagens Treinamento/Portas/60676201_ed8b39ca4e.jpg,indoor,door,indoor
C:/Imagens Treinamento/Portas/611094001_f6c973257a.jpg,indoor,door,indoor
C:/Imagens Treinamento/Portas/61359114_6c0aece686.jpg,indoor,door,indoor
C:/Imagens Treinamento/Portas/67751.jpeg,indoor,door,indoor
C:/Imagens Treinamento/Portas/6_panel_Mahogany_Interior_door.jpg,indoor,door,indoor
C:/Imagens Treinamento/Portas/71461478_828b796a0c.jpg,indoor,door,indoor
C:/Imagens Treinamento/Portas/726+-+2nd+Floor+17.JPG,indoor,door,indoor
C:/Imagens Treinamento/Portas/73939095_c73dcb80e4.jpg,indoor,door,indoor
C:/Imagens Treinamento/Portas/751354269_afd8aedf41.jpg,indoor,door,indoor
C:/Imagens Treinamento/Portas/7_puertas.jpg,indoor,door,indoor
C:/Imagens Treinamento/Portas/814309887_97ad629b8f.jpg,indoor,door,indoor
C:/Imagens Treinamento/Portas/824373951_47bfe75d1c.jpg,indoor,door,indoor
C:/Imagens Treinamento/Portas/84002114_8def5d4310.jpg,indoor,door,indoor
C:/Imagens Treinamento/Portas/87396720_e17474c994.jpg,indoor,door,indoor
C:/Imagens Treinamento/Portas/878121984_844ed7f613.jpg,indoor,door,indoor
C:/Imagens Treinamento/Portas/881526164_e32f280bc8.jpg_v=0.jpg,indoor,door,indoor
C:/Imagens Treinamento/Portas/889202439_d1eedc691a.jpg,indoor,door,indoor
C:/Imagens Treinamento/Portas/899068244_e62291cf6b.jpg,indoor,door,indoor
C:/Imagens Treinamento/Portas/899075360_422c3ebca1.jpg,indoor,door,indoor
C:/Imagens Treinamento/Portas/899076020_a4bb3fe12a.jpg,indoor,door,indoor
C:/Imagens Treinamento/Portas/90731816_15c19209fc.jpg,indoor,door,indoor
C:/Imagens Treinamento/Portas/925344591_009867df2a.jpg,indoor,door,indoor
C:/Imagens Treinamento/Portas/929628387_2f739fc1a5.jpg,indoor,door,indoor
C:/Imagens Treinamento/Portas/93768459_a6da23bace.jpg,indoor,door,indoor
C:/Imagens Treinamento/Portas/94710907_8ea1e897bf.jpg,indoor,door,indoor
C:/Imagens Treinamento/Portas/948329361_9d9a1323fa.jpg,indoor,door,indoor
C:/Imagens Treinamento/Portas/956284051_486fe78474.jpg,indoor,door,indoor
C:/Imagens Treinamento/Portas/bagno-stanza-verde.jpg,indoor,door,indoor
C:/Imagens Treinamento/Portas/berry library baker interior door.jpg,indoor,door,indoor
C:/Imagens Treinamento/Portas/body_captivaInterior.jpg,indoor,door,indoor
C:/Imagens Treinamento/Portas/bonnie02.jpg,indoor,door,indoor
C:/Imagens Treinamento/Portas/bouw-Overzicht kamer.JPG,indoor,door,indoor
C:/Imagens Treinamento/Portas/CIMG2270.JPG,indoor,door,indoor
C:/Imagens Treinamento/Portas/craftmastercrossmore.jpg,indoor,door,indoor
C:/Imagens Treinamento/Portas/d1.jpg,indoor,door,indoor
C:/Imagens Treinamento/Portas/dollhouse_03.jpg,indoor,door,indoor
C:/Imagens Treinamento/Portas/Dolores03.jpg,indoor,door,indoor
C:/Imagens Treinamento/Portas/door3.jpg,indoor,door,indoor
C:/Imagens Treinamento/Portas/door4panj7.jpg,indoor,door,indoor
C:/Imagens Treinamento/Portas/doorhang.jpg,indoor,door,indoor
C:/Imagens Treinamento/Portas/doorin.jpg,indoor,door,indoor
C:/Imagens Treinamento/Portas/doormaintenance.jpg,indoor,door,indoor
C:/Imagens Treinamento/Portas/drren01b.jpg,indoor,door,indoor
C:/Imagens Treinamento/Portas/DSC00177.JPG,indoor,door,indoor
C:/Imagens Treinamento/Portas/ds_knottyalder_lg.jpg,indoor,door,indoor
C:/Imagens Treinamento/Portas/Entrada+interior+Juliaca.jpg,indoor,door,indoor
C:/Imagens Treinamento/Portas/ESTILO_6V_small.gif,indoor,door,indoor
C:/Imagens Treinamento/Portas/Family Room.jpg,indoor,door,indoor
C:/Imagens Treinamento/Portas/family-room.jpg.1,indoor,door,indoor
C:/Imagens Treinamento/Portas/FamilyRoom.jpg.4,indoor,door,indoor
C:/Imagens Treinamento/Portas/familyroom.jpg.5,indoor,door,indoor
C:/Imagens Treinamento/Portas/FamilyRoomWithDoor.jpg,indoor,door,indoor
C:/Imagens Treinamento/Portas/family_room_4.JPG,indoor,door,indoor
C:/Imagens Treinamento/Portas/farm2.jpg,indoor,door,indoor
C:/Imagens Treinamento/Portas/IBI 2468 classroom interior looking toward door.JPG,indoor,door,indoor
C:/Imagens Treinamento/Portas/IMG_1877.JPG,indoor,door,indoor
C:/Imagens Treinamento/Portas/Interior Doors.jpg,indoor,door,indoor
C:/Imagens Treinamento/Portas/interior-door-toutX.jpg,indoor,door,indoor
C:/Imagens Treinamento/Portas/interior-door.jpg,indoor,door,indoor
C:/Imagens Treinamento/Portas/interior-exterior-doors.png,indoor,door,indoor
C:/Imagens Treinamento/Portas/Interior-Hollow-Core-Door-16522744995.jpg,indoor,door,indoor
C:/Imagens Treinamento/Portas/interior-swing-door.jpg,indoor,door,indoor
C:/Imagens Treinamento/Portas/InteriorDoorTrim-1a.JPG,indoor,door,indoor
C:/Imagens Treinamento/Portas/interiordoor_MDFFrenchDoor_Main.jpg,indoor,door,indoor
C:/Imagens Treinamento/Portas/interiordoor_MDFWoodLouverDoor_Main.jpg,indoor,door,indoor
C:/Imagens Treinamento/Portas/interiordoor_MoldedPanelDoor_Main.jpg,indoor,door,indoor
C:/Imagens Treinamento/Portas/interiordoor_WoodFrenchDoor_Main.jpg,indoor,door,indoor
C:/Imagens Treinamento/Portas/interiordoor_WoodLouverDoor_Main.jpg,indoor,door,indoor
C:/Imagens Treinamento/Portas/interiordoor_woodpaneldoor_Main.jpg,indoor,door,indoor
C:/Imagens Treinamento/Portas/Interior_door.jpg,indoor,door,indoor
C:/Imagens Treinamento/Portas/interior_doors_consist_of_solid_wood_with_cherry_veneer-thumb.JPG,indoor,door,indoor
C:/Imagens Treinamento/Portas/interior_door_2-fluglig.JPG,indoor,door,indoor
C:/Imagens Treinamento/Portas/Interior_door_hardwood.gif,indoor,door,indoor
C:/Imagens Treinamento/Portas/Interior_Door_MDF_PVC_Solid_wood_door.jpg,indoor,door,indoor
C:/Imagens Treinamento/Portas/interior_door_pine_open.JPG,indoor,door,indoor
C:/Imagens Treinamento/Portas/interior_door_showroom.jpg,indoor,door,indoor
C:/Imagens Treinamento/Portas/interior_door_sm1.jpg,indoor,door,indoor
C:/Imagens Treinamento/Portas/interior_lite_door_1.jpg,indoor,door,indoor
C:/Imagens Treinamento/Portas/int_large-2-3.jpg,indoor,door,indoor
C:/Imagens Treinamento/Portas/Jeromy_s_Interior_Door.JPG,indoor,door,indoor
C:/Imagens Treinamento/Portas/Kitchen2.jpg,indoor,door,indoor
C:/Imagens Treinamento/Portas/larger_1b.jpg,indoor,door,indoor
C:/Imagens Treinamento/Portas/MainPhoto-IntDoors.jpg,indoor,door,indoor
C:/Imagens Treinamento/Portas/main_door.jpg,indoor,door,indoor
C:/Imagens Treinamento/Portas/Masonite-doors_0.jpg,indoor,door,indoor
C:/Imagens Treinamento/Portas/oak door with leaded lights 2.jpg,indoor,door,indoor
C:/Imagens Treinamento/Portas/ParadeofHomesDoorPicture.jpg,indoor,door,indoor
C:/Imagens Treinamento/Portas/pinedoor1.jpg,indoor,door,indoor
C:/Imagens Treinamento/Portas/Puerta  a 70.jpg,indoor,door,indoor
C:/Imagens Treinamento/Portas/Puerta de Entrada.jpg,indoor,door,indoor
C:/Imagens Treinamento/Portas/Puerta interior a 55 ico.jpg,indoor,door,indoor
C:/Imagens Treinamento/Portas/Puerta interior a 55.jpg,indoor,door,indoor
C:/Imagens Treinamento/Portas/Puerta interior a56.jpg,indoor,door,indoor
C:/Imagens Treinamento/Portas/Puerta interior cn2.jpg,indoor,door,indoor
C:/Imagens Treinamento/Portas/Puerta laca provenzal.jpg,indoor,door,indoor
C:/Imagens Treinamento/Portas/Puerta provenzal.jpg,indoor,door,indoor
C:/Imagens Treinamento/Portas/Puerta T130 comprimida .jpg,indoor,door,indoor
C:/Imagens Treinamento/Portas/Puerta T230.jpg,indoor,door,indoor
C:/Imagens Treinamento/Portas/reclaimed-wood-door.jpg,indoor,door,indoor
C:/Imagens Treinamento/Portas/S7303558.JPG,indoor,door,indoor
C:/Imagens Treinamento/Portas/smoothCarrara.jpg,indoor,door,indoor
C:/Imagens Treinamento/Portas/soundproof_door.jpg,indoor,door,indoor
C:/Imagens Treinamento/Portas/Szakacs+276.jpg,indoor,door,indoor
C:/Imagens Treinamento/Portas/two_panel_interior_house_do.jpg,indoor,door,indoor
C:/Imagens Treinamento/Portas/vt5.jpg,indoor,door,indoor
C:/Imagens Treinamento/Portas/walnut_doorwithlockset1.JPG,indoor,door,indoor
C:/Imagens Treinamento/Portas/westofficedoor.jpg,indoor,door,indoor
C:/Imagens Treinamento/Portas/windows-doors-04.jpg,indoor,door,indoor
C:/Imagens Treinamento/Portas/wooden_interior_door.summ.jpg,indoor,door,indoor
C:/Imagens Treinamento/Portas/woodharbor.jpg,indoor,door,indoor
